"uh","Points:0","Points:1","Points:2"
29.462,-1,0,0
29.487,-0.99687,1.7347e-19,0
29.487,-0.99687,0,0
29.562,-0.99375,0,0
29.562,-0.99375,0,0
29.688,-0.99063,0,0
29.688,-0.99063,0,0
29.866,-0.9875,1.7347e-19,0
29.866,-0.9875,0,0
30.097,-0.98438,-4.2501e-17,0
nan,-0.98438,-4.2501e-17,0
nan,-0.9875,0,0
29.866,-0.9875,0,0
30.097,-0.98438,0,0
30.097,-0.98438,0,0
30.385,-0.98125,1.7347e-19,0
30.385,-0.98125,0,0
30.731,-0.97812,1.7347e-19,0
30.731,-0.97812,0,0
31.14,-0.975,1.7347e-19,0
31.14,-0.975,0,0
31.615,-0.97188,0,0
31.615,-0.97188,0,0
32.16,-0.96875,-4.2501e-17,0
nan,-0.96875,-4.2501e-17,0
nan,-0.97188,0,0
31.615,-0.97188,0,0
32.16,-0.96875,0,0
32.16,-0.96875,0,0
32.781,-0.96562,0,0
32.781,-0.96562,0,0
33.484,-0.9625,0,0
33.484,-0.9625,0,0
34.275,-0.95938,0,0
34.275,-0.95938,0,0
35.161,-0.95625,1.7347e-19,0
35.161,-0.95625,0,0
36.151,-0.95312,0,0
nan,-0.95312,0,0
nan,-0.95625,0,0
35.161,-0.95625,0,0
36.151,-0.95312,-4.2501e-17,0
36.151,-0.95312,0,0
37.253,-0.95,1.7347e-19,0
37.253,-0.95,0,0
38.476,-0.94687,0,0
38.476,-0.94687,0,0
39.831,-0.94375,0,0
39.831,-0.94375,0,0
41.33,-0.94063,0,0
41.33,-0.94063,0,0
42.985,-0.9375,0,0
nan,-0.9375,0,0
nan,-0.94063,0,0
41.33,-0.94063,0,0
42.985,-0.9375,-4.2501e-17,0
42.985,-0.9375,0,0
44.808,-0.93437,0,0
44.808,-0.93437,0,0
46.814,-0.93125,1.7347e-19,0
46.814,-0.93125,0,0
49.018,-0.92813,0,0
49.018,-0.92813,0,0
51.436,-0.925,0,0
51.436,-0.925,0,0
54.084,-0.92188,0,0
nan,-0.92188,0,0
nan,-0.925,0,0
51.436,-0.925,0,0
54.084,-0.92188,-4.2501e-17,0
54.084,-0.92188,0,0
56.98,-0.91875,1.7347e-19,0
56.98,-0.91875,-9.6296e-35,0
60.144,-0.91562,4.3368e-19,0
nan,-0.91562,4.3368e-19,0
nan,-0.91875,0,0
56.98,-0.91875,0,0
60.144,-0.91562,1.7347e-19,0
60.144,-0.91562,-9.6296e-35,0
63.594,-0.9125,4.3802e-17,0
nan,-0.9125,4.3802e-17,0
nan,-0.91562,0,0
60.144,-0.91562,0,0
63.594,-0.9125,-5.2042e-19,0
63.594,-0.9125,-4.3368e-19,0
67.351,-0.90938,0,0
67.351,-0.90938,-9.6296e-35,0
71.436,-0.90625,4.3368e-19,0
71.436,-0.90625,-9.6296e-35,0
75.872,-0.90312,4.5536e-17,0
nan,-0.90312,4.5536e-17,0
nan,-0.90625,0,0
71.436,-0.90625,0,0
75.872,-0.90312,0,0
75.872,-0.90312,0,0
80.679,-0.9,0,0
80.679,-0.9,0,0
85.881,-0.89688,0,0
85.881,-0.89688,-9.6296e-35,0
91.501,-0.89375,4.4669e-17,0
91.501,-0.89375,0,0
97.562,-0.89062,0,0
97.562,-0.89062,0,0
104.09,-0.8875,0,0
nan,-0.8875,0,0
nan,-0.89062,-9.6296e-35,0
97.562,-0.89062,-9.6296e-35,0
104.09,-0.8875,4.5536e-17,0
104.09,-0.8875,0,0
111.1,-0.88437,0,0
111.1,-0.88437,0,0
118.62,-0.88125,0,0
118.62,-0.88125,0,0
126.67,-0.87813,0,0
126.67,-0.87813,0,0
135.28,-0.875,0,0
135.28,-0.875,-9.6296e-35,0
144.45,-0.87187,4.5536e-17,0
nan,-0.87187,4.5536e-17,0
nan,-0.875,0,0
135.28,-0.875,0,0
144.45,-0.87187,0,0
144.45,-0.87187,-9.6296e-35,0
154.21,-0.86875,4.3368e-19,0
154.21,-0.86875,-9.6296e-35,0
164.58,-0.86563,4.5536e-17,0
164.58,-0.86563,0,0
175.57,-0.8625,0,0
175.57,-0.8625,-9.6296e-35,0
187.19,-0.85938,4.3368e-19,0
187.19,-0.85938,-9.6296e-35,0
199.44,-0.85625,4.5536e-17,0
nan,-0.85625,4.5536e-17,0
nan,-0.85938,0,0
187.19,-0.85938,0,0
199.44,-0.85625,0,0
199.44,-0.85625,-9.6296e-35,0
212.34,-0.85312,4.3368e-19,0
212.34,-0.85312,-9.6296e-35,0
225.89,-0.85,4.5536e-17,0
225.89,-0.85,-9.6296e-35,0
240.08,-0.84688,4.4669e-17,0
240.08,-0.84688,-9.6296e-35,0
254.92,-0.84375,4.3368e-19,0
254.92,-0.84375,-9.6296e-35,0
270.39,-0.84062,4.5536e-17,0
nan,-0.84062,4.5536e-17,0
nan,-0.84375,0,0
254.92,-0.84375,0,0
270.39,-0.84062,0,0
270.39,-0.84062,-9.6296e-35,0
286.48,-0.8375,4.3368e-19,0
286.48,-0.8375,0,0
303.17,-0.83438,0,0
303.17,-0.83438,0,0
320.45,-0.83125,0,0
320.45,-0.83125,-9.6296e-35,0
338.28,-0.82812,4.3368e-19,0
338.28,-0.82812,0,0
356.65,-0.825,0,0
nan,-0.825,0,0
nan,-0.82812,-9.6296e-35,0
338.28,-0.82812,-9.6296e-35,0
356.65,-0.825,4.5536e-17,0
356.65,-0.825,-9.6296e-35,0
375.51,-0.82187,4.3368e-19,0
375.51,-0.82187,-9.6296e-35,0
394.83,-0.81875,4.5536e-17,0
394.83,-0.81875,0,0
414.58,-0.81563,0,0
414.58,-0.81563,0,0
434.69,-0.8125,0,0
434.69,-0.8125,-9.6296e-35,0
455.14,-0.80937,4.5536e-17,0
nan,-0.80937,4.5536e-17,0
nan,-0.8125,0,0
434.69,-0.8125,0,0
455.14,-0.80937,0,0
455.14,-0.80937,-9.6296e-35,0
475.87,-0.80625,0,0
475.87,-0.80625,0,0
496.82,-0.80313,2.6021e-19,0
496.82,-0.80313,4.3368e-19,0
517.94,-0.8,2.6021e-19,0
517.94,-0.8,4.3368e-19,0
539.19,-0.79688,-4.3802e-17,0
nan,-0.79688,-4.3802e-17,0
nan,-0.8,0,0
517.94,-0.8,0,0
539.19,-0.79688,0,0
539.19,-0.79688,0,0
560.5,-0.79375,0,0
560.5,-0.79375,4.3368e-19,0
581.81,-0.79062,2.6021e-19,0
581.81,-0.79062,0,0
603.08,-0.7875,0,0
603.08,-0.7875,0,0
624.24,-0.78438,0,0
624.24,-0.78438,4.3368e-19,0
645.24,-0.78125,-4.3802e-17,0
nan,-0.78125,-4.3802e-17,0
nan,-0.78438,0,0
624.24,-0.78438,0,0
645.24,-0.78125,0,0
645.24,-0.78125,0,0
666.02,-0.77812,0,0
666.02,-0.77812,0,0
686.55,-0.775,0,0
686.55,-0.775,0,0
706.77,-0.77188,0,0
706.77,-0.77188,0,0
726.63,-0.76875,0,0
726.63,-0.76875,4.3368e-19,0
746.09,-0.76562,-4.3802e-17,0
nan,-0.76562,-4.3802e-17,0
nan,-0.76875,0,0
726.63,-0.76875,0,0
746.09,-0.76562,0,0
746.09,-0.76562,4.3368e-19,0
765.12,-0.7625,0,0
765.12,-0.7625,0,0
783.67,-0.75937,0,0
783.67,-0.75937,0,0
801.73,-0.75625,1.7347e-19,0
801.73,-0.75625,0,0
819.25,-0.75313,1.7347e-19,0
819.25,-0.75313,0,0
836.23,-0.75,0,0
nan,-0.75,0,0
nan,-0.75313,0,0
819.25,-0.75313,0,0
836.23,-0.75,-4.2501e-17,0
836.23,-0.75,0,0
852.63,-0.74687,1.7347e-19,0
852.63,-0.74687,0,0
868.46,-0.74375,0,0
nan,-0.74375,0,0
nan,-0.74687,0,0
852.63,-0.74687,0,0
868.46,-0.74375,-4.2501e-17,0
868.46,-0.74375,0,0
883.68,-0.74063,0,0
883.68,-0.74063,0,0
898.31,-0.7375,1.7347e-19,0
898.31,-0.7375,0,0
912.33,-0.73438,-4.2501e-17,0
nan,-0.73438,-4.2501e-17,0
nan,-0.7375,0,0
898.31,-0.7375,0,0
912.33,-0.73438,0,0
912.33,-0.73438,0,0
925.75,-0.73125,0,0
925.75,-0.73125,0,0
938.57,-0.72812,0,0
nan,-0.72812,0,0
nan,-0.73125,0,0
925.75,-0.73125,0,0
938.57,-0.72812,-4.2501e-17,0
938.57,-0.72812,0,0
950.79,-0.725,1.7347e-19,0
950.79,-0.725,0,0
962.43,-0.72188,0,0
962.43,-0.72188,0,0
973.5,-0.71875,0,0
nan,-0.71875,0,0
nan,-0.72188,0,0
962.43,-0.72188,0,0
973.5,-0.71875,-4.2501e-17,0
973.5,-0.71875,0,0
984,-0.71562,1.7347e-19,0
984,-0.71562,0,0
993.97,-0.7125,-4.2501e-17,0
nan,-0.7125,-4.2501e-17,0
nan,-0.71562,0,0
984,-0.71562,0,0
993.97,-0.7125,0,0
993.97,-0.7125,0,0
1003.4,-0.70938,0,0
1003.4,-0.70938,0,0
1012.3,-0.70625,0,0
1012.3,-0.70625,0,0
1020.8,-0.70312,0,0
nan,-0.70312,0,0
nan,-0.70625,0,0
1012.3,-0.70625,0,0
1020.8,-0.70312,-4.2501e-17,0
1020.8,-0.70312,0,0
1028.8,-0.7,0,0
1028.8,-0.7,0,0
1036.3,-0.69687,-4.2501e-17,0
nan,-0.69687,-4.2501e-17,0
nan,-0.7,0,0
1028.8,-0.7,0,0
1036.3,-0.69687,0,0
1036.3,-0.69687,0,0
1043.4,-0.69375,1.7347e-19,0
1043.4,-0.69375,0,0
1050.1,-0.69063,0,0
1050.1,-0.69063,0,0
1056.5,-0.6875,0,0
nan,-0.6875,0,0
nan,-0.69063,0,0
1050.1,-0.69063,0,0
1056.5,-0.6875,-4.2501e-17,0
1056.5,-0.6875,0,0
1062.5,-0.68437,0,0
1062.5,-0.68437,0,0
1068.1,-0.68125,-4.2501e-17,0
nan,-0.68125,-4.2501e-17,0
nan,-0.68437,0,0
1062.5,-0.68437,0,0
1068.1,-0.68125,0,0
1068.1,-0.68125,0,0
1073.4,-0.67813,0,0
1073.4,-0.67813,0,0
1078.4,-0.675,1.7347e-19,0
1078.4,-0.675,0,0
1083.1,-0.67188,0,0
nan,-0.67188,0,0
nan,-0.675,0,0
1078.4,-0.675,0,0
1083.1,-0.67188,-4.2501e-17,0
1083.1,-0.67188,0,0
1087.6,-0.66875,1.7347e-19,0
1087.6,-0.66875,0,0
1091.8,-0.66562,0,0
nan,-0.66562,0,0
nan,-0.66875,0,0
1087.6,-0.66875,0,0
1091.8,-0.66562,-4.2501e-17,0
1091.8,-0.66562,0,0
1095.8,-0.6625,1.7347e-19,0
1095.8,-0.6625,0,0
1099.6,-0.65938,-3.7877e-30,0
1099.6,-0.65938,0,0
1103.2,-0.65625,0,0
nan,-0.65625,0,0
nan,-0.65938,0,0
1099.6,-0.65938,0,0
1103.2,-0.65625,0,0
1103.2,-0.65625,0,0
1106.5,-0.65312,0,0
nan,-0.65312,0,0
nan,-0.65625,1.8939e-30,0
1103.2,-0.65625,1.8939e-30,0
1106.5,-0.65312,0,0
1106.5,-0.65312,0,0
1109.7,-0.65,0,0
1109.7,-0.65,0,0
1112.7,-0.64688,4.5103e-17,0
1112.7,-0.64688,0,0
1115.6,-0.64375,4.5103e-17,0
1115.6,-0.64375,0,0
1118.3,-0.64062,0,0
1118.3,-0.64062,0,0
1120.9,-0.6375,4.4235e-17,0
nan,-0.6375,4.4235e-17,0
nan,-0.64062,0,0
1118.3,-0.64062,0,0
1120.9,-0.6375,0,0
1120.9,-0.6375,0,0
1123.3,-0.63437,0,0
1123.3,-0.63437,0,0
1125.5,-0.63125,4.5103e-17,0
1125.5,-0.63125,0,0
1127.7,-0.62813,0,0
1127.7,-0.62813,0,0
1129.6,-0.625,0,0
1129.6,-0.625,0,0
1131.5,-0.62187,4.4235e-17,0
nan,-0.62187,4.4235e-17,0
nan,-0.625,0,0
1129.6,-0.625,0,0
1131.5,-0.62187,0,0
1131.5,-0.62187,0,0
1133.2,-0.61875,0,0
1133.2,-0.61875,0,0
1134.8,-0.61563,0,0
1134.8,-0.61563,0,0
1136.2,-0.6125,4.5103e-17,0
1136.2,-0.6125,0,0
1137.4,-0.60938,0,0
1137.4,-0.60938,0,0
1138.5,-0.60625,0,0
nan,-0.60625,0,0
nan,-0.60938,0,0
1137.4,-0.60938,0,0
1138.5,-0.60625,4.4235e-17,0
1138.5,-0.60625,0,0
1139.5,-0.60312,0,0
1139.5,-0.60312,0,0
1140.2,-0.6,0,0
1140.2,-0.6,0,0
1140.8,-0.59688,4.5103e-17,0
1140.8,-0.59688,0,0
1141.1,-0.59375,0,0
1141.1,-0.59375,0,0
1141.3,-0.59062,0,0
nan,-0.59062,0,0
nan,-0.59375,0,0
1141.1,-0.59375,0,0
1141.3,-0.59062,4.4235e-17,0
1141.3,-0.59062,0,0
1141.2,-0.5875,0,0
1141.2,-0.5875,0,0
1140.9,-0.58438,0,0
1140.9,-0.58438,0,0
1140.3,-0.58125,0,0
1140.3,-0.58125,0,0
1139.5,-0.57812,0,0
1139.5,-0.57812,0,0
1138.4,-0.575,0,0
nan,-0.575,0,0
nan,-0.57812,0,0
1139.5,-0.57812,0,0
1138.4,-0.575,4.4235e-17,0
1138.4,-0.575,0,0
1137.1,-0.57187,0,0
1137.1,-0.57187,0,0
1135.5,-0.56875,4.5103e-17,0
1135.5,-0.56875,0,0
1133.6,-0.56563,4.5103e-17,0
1133.6,-0.56563,0,0
1131.6,-0.5625,0,0
1131.6,-0.5625,0,0
1129.4,-0.55937,4.4235e-17,0
nan,-0.55937,4.4235e-17,0
nan,-0.5625,0,0
1131.6,-0.5625,0,0
1129.4,-0.55937,0,0
1129.4,-0.55937,0,0
1127.2,-0.55625,0,0
1127.2,-0.55625,0,0
1125,-0.55313,4.5103e-17,0
1125,-0.55313,0,0
1122.9,-0.55,0,0
1122.9,-0.55,0,0
1121.2,-0.54688,0,0
1121.2,-0.54688,0,0
1120,-0.54375,0,0
nan,-0.54375,0,0
nan,-0.54688,0,0
1121.2,-0.54688,0,0
1120,-0.54375,4.4235e-17,0
1120,-0.54375,0,0
1119.3,-0.54062,0,0
1119.3,-0.54062,0,0
1119.1,-0.5375,4.5103e-17,0
1119.1,-0.5375,0,0
1119.5,-0.53438,0,0
1119.5,-0.53438,0,0
1120.4,-0.53125,0,0
1120.4,-0.53125,0,0
1121.8,-0.52812,0,0
nan,-0.52812,0,0
nan,-0.53125,0,0
1120.4,-0.53125,0,0
1121.8,-0.52812,4.4235e-17,0
1121.8,-0.52812,0,0
1123.6,-0.525,0,0
1123.6,-0.525,0,0
1125.8,-0.52188,0,0
1125.8,-0.52188,0,0
1128.3,-0.51875,1.7347e-19,0
1128.3,-0.51875,0,0
1131.1,-0.51562,0,0
1131.1,-0.51562,0,0
1134.1,-0.5125,0,0
nan,-0.5125,0,0
nan,-0.51562,0,0
1131.1,-0.51562,0,0
1134.1,-0.5125,4.4235e-17,0
1134.1,-0.5125,0,0
1137.3,-0.50937,0,0
1137.3,-0.50937,0,0
1140.5,-0.50625,4.5103e-17,0
1140.5,-0.50625,0,0
1143.9,-0.50313,4.5103e-17,0
1143.9,-0.50313,0,0
1147.3,-0.5,0,0
1147.3,-0.5,0,0
1150.7,-0.49687,0,0
nan,-0.49687,0,0
nan,-0.5,0,0
1147.3,-0.5,0,0
1150.7,-0.49687,4.4235e-17,0
1150.7,-0.49687,0,0
1154.1,-0.49375,4.4235e-17,0
1154.1,-0.49375,0,0
1157.4,-0.49062,4.4235e-17,0
1157.4,-0.49062,0,0
1160.7,-0.4875,4.4235e-17,0
1160.7,-0.4875,0,0
1163.9,-0.48438,0,0
1163.9,-0.48438,0,0
1167.1,-0.48125,4.4235e-17,0
1167.1,-0.48125,0,0
1170.2,-0.47813,0,0
1170.2,-0.47813,0,0
1173.2,-0.475,4.4235e-17,0
1173.2,-0.475,0,0
1176.2,-0.47188,4.4235e-17,0
1176.2,-0.47188,0,0
1179,-0.46875,0,0
1179,-0.46875,0,0
1181.8,-0.46562,4.4235e-17,0
1181.8,-0.46562,0,0
1184.5,-0.4625,4.5103e-17,0
1184.5,-0.4625,0,0
1187.2,-0.45937,4.4235e-17,0
1187.2,-0.45937,0,0
1189.8,-0.45625,0,0
1189.8,-0.45625,0,0
1192.3,-0.45312,0,0
1192.3,-0.45312,0,0
1194.8,-0.45,0,0
1194.8,-0.45,0,0
1197.3,-0.44688,0,0
1197.3,-0.44688,0,0
1199.7,-0.44375,0,0
1199.7,-0.44375,0,0
1202.1,-0.44063,4.4235e-17,0
1202.1,-0.44063,0,0
1204.5,-0.4375,0,0
1204.5,-0.4375,0,0
1206.8,-0.43437,4.4235e-17,0
1206.8,-0.43437,0,0
1209.1,-0.43125,0,0
1209.1,-0.43125,0,0
1211.4,-0.42812,4.4235e-17,0
1211.4,-0.42812,0,0
1213.7,-0.425,0,0
1213.7,-0.425,0,0
1216,-0.42188,0,0
1216,-0.42188,0,0
1218.2,-0.41875,4.4235e-17,0
1218.2,-0.41875,0,0
1220.5,-0.41563,0,0
1220.5,-0.41563,0,0
1222.8,-0.4125,0,0
1222.8,-0.4125,0,0
1225,-0.40938,4.4235e-17,0
1225,-0.40938,0,0
1227.3,-0.40625,0,0
1227.3,-0.40625,0,0
1229.6,-0.40312,0,0
1229.6,-0.40312,0,0
1231.8,-0.4,0,0
1231.8,-0.4,0,0
1234.1,-0.39687,0,0
nan,-0.39687,0,0
nan,-0.4,0,0
1231.8,-0.4,0,0
1234.1,-0.39687,4.4235e-17,0
1234.1,-0.39687,0,0
1236.4,-0.39375,4.4235e-17,0
1236.4,-0.39375,0,0
1238.7,-0.39062,0,0
1238.7,-0.39062,0,0
1241,-0.3875,0,0
1241,-0.3875,0,0
1243.3,-0.38438,4.5103e-17,0
1243.3,-0.38438,-9.6296e-35,0
1245.6,-0.38125,4.4235e-17,0
nan,-0.38125,4.4235e-17,0
nan,-0.38438,0,0
1243.3,-0.38438,0,0
1245.6,-0.38125,0,0
1245.6,-0.38125,-7.8265e-32,0
1248,-0.37813,0,0
nan,-0.37813,0,0
nan,-0.38125,0,0
1245.6,-0.38125,0,0
1248,-0.37813,0,0
1248,-0.37813,0,0
1250.3,-0.375,0,0
1250.3,-0.375,0,0
1252.7,-0.37187,0,0
1252.7,-0.37187,0,0
1255,-0.36875,0,0
1255,-0.36875,0,0
1257.4,-0.36562,0,0
nan,-0.36562,0,0
nan,-0.36875,1.8939e-30,0
1255,-0.36875,1.8939e-30,0
1257.4,-0.36562,0,0
1257.4,-0.36562,0,0
1259.8,-0.3625,0,0
nan,-0.3625,0,0
nan,-0.36562,-7.8265e-32,0
1257.4,-0.36562,-7.8265e-32,0
1259.8,-0.3625,0,0
1259.8,-0.3625,1.8939e-30,0
1262.2,-0.35938,4.4235e-17,0
1262.2,-0.35938,0,0
1264.6,-0.35625,0,0
1264.6,-0.35625,1.8939e-30,0
1267.1,-0.35313,0,0
1267.1,-0.35313,1.8939e-30,0
1269.5,-0.35,0,0
nan,-0.35,0,0
nan,-0.35313,0,0
1267.1,-0.35313,0,0
1269.5,-0.35,0,0
1269.5,-0.35,-7.8265e-32,0
1272,-0.34688,0,0
nan,-0.34688,0,0
nan,-0.35,0,0
1269.5,-0.35,0,0
1272,-0.34688,0,0
1272,-0.34688,1.8939e-30,0
1274.5,-0.34375,4.4235e-17,0
1274.5,-0.34375,1.8939e-30,0
1277,-0.34062,-8.6736e-20,0
1277,-0.34062,0,0
1279.5,-0.3375,0,0
1279.5,-0.3375,0,0
1282,-0.33437,0,0
nan,-0.33437,0,0
nan,-0.3375,1.8939e-30,0
1279.5,-0.3375,1.8939e-30,0
1282,-0.33437,0,0
1282,-0.33437,0,0
1284.5,-0.33125,0,0
nan,-0.33125,0,0
nan,-0.33437,-7.8265e-32,0
1282,-0.33437,-7.8265e-32,0
1284.5,-0.33125,0,0
1284.5,-0.33125,0,0
1287.1,-0.32812,0,0
1287.1,-0.32812,1.8939e-30,0
1289.7,-0.325,-8.6736e-20,0
1289.7,-0.325,1.8939e-30,0
1292.2,-0.32188,0,0
1292.2,-0.32188,1.8939e-30,0
1294.9,-0.31875,0,0
nan,-0.31875,0,0
nan,-0.32188,0,0
1292.2,-0.32188,0,0
1294.9,-0.31875,0,0
1294.9,-0.31875,-7.8265e-32,0
1297.5,-0.31563,0,0
nan,-0.31563,0,0
nan,-0.31875,0,0
1294.9,-0.31875,0,0
1297.5,-0.31563,0,0
1297.5,-0.31563,0,0
1300.1,-0.3125,0,0
1300.1,-0.3125,1.8939e-30,0
1302.8,-0.30937,-8.6736e-20,0
1302.8,-0.30937,1.8939e-30,0
1305.4,-0.30625,0,0
1305.4,-0.30625,0,0
1308.1,-0.30312,0,0
nan,-0.30312,0,0
nan,-0.30625,1.8939e-30,0
1305.4,-0.30625,1.8939e-30,0
1308.1,-0.30312,0,0
1308.1,-0.30312,-7.8265e-32,0
1310.8,-0.3,0,0
nan,-0.3,0,0
nan,-0.30312,0,0
1308.1,-0.30312,0,0
1310.8,-0.3,0,0
1310.8,-0.3,1.8939e-30,0
1313.6,-0.29688,4.4235e-17,0
1313.6,-0.29688,1.8939e-30,0
1316.3,-0.29375,-8.6736e-20,0
1316.3,-0.29375,1.8939e-30,0
1319.1,-0.29063,0,0
1319.1,-0.29063,1.8939e-30,0
1321.8,-0.2875,0,0
nan,-0.2875,0,0
nan,-0.29063,0,0
1319.1,-0.29063,0,0
1321.8,-0.2875,0,0
1321.8,-0.2875,0,0
1324.6,-0.28438,0,0
nan,-0.28438,0,0
nan,-0.2875,-7.8265e-32,0
1321.8,-0.2875,-7.8265e-32,0
1324.6,-0.28438,0,0
1324.6,-0.28438,0,0
1327.4,-0.28125,0,0
1327.4,-0.28125,1.8939e-30,0
1330.2,-0.27812,-8.6736e-20,0
1330.2,-0.27812,1.8939e-30,0
1333.1,-0.275,0,0
1333.1,-0.275,1.8939e-30,0
1335.9,-0.27187,0,0
nan,-0.27187,0,0
nan,-0.275,0,0
1333.1,-0.275,0,0
1335.9,-0.27187,0,0
1335.9,-0.27187,-7.8265e-32,0
1338.8,-0.26875,0,0
1338.8,-0.26875,1.8939e-30,0
1341.7,-0.26562,4.4235e-17,0
1341.7,-0.26562,0,0
1344.6,-0.2625,0,0
1344.6,-0.2625,0,0
1347.5,-0.25938,0,0
1347.5,-0.25938,0,0
1350.4,-0.25625,4.4235e-17,0
nan,-0.25625,4.4235e-17,0
nan,-0.25938,0,0
1347.5,-0.25938,0,0
1350.4,-0.25625,0,0
1350.4,-0.25625,0,0
1353.3,-0.25313,0,0
1353.3,-0.25313,0,0
1356.2,-0.25,0,0
1356.2,-0.25,0,0
1359.1,-0.24688,0,0
1359.1,-0.24688,0,0
1362,-0.24375,0,0
1362,-0.24375,0,0
1364.9,-0.24062,4.4235e-17,0
1364.9,-0.24062,0,0
1367.8,-0.2375,4.4235e-17,0
1367.8,-0.2375,0,0
1370.7,-0.23438,4.4235e-17,0
1370.7,-0.23438,0,0
1373.6,-0.23125,0,0
1373.6,-0.23125,0,0
1376.4,-0.22813,4.4235e-17,0
1376.4,-0.22813,0,0
1379.2,-0.225,0,0
1379.2,-0.225,0,0
1381.9,-0.22187,4.4235e-17,0
1381.9,-0.22187,0,0
1384.6,-0.21875,0,0
1384.6,-0.21875,0,0
1387.2,-0.21563,0,0
1387.2,-0.21563,0,0
1389.7,-0.2125,0,0
1389.7,-0.2125,0,0
1392.1,-0.20937,0,0
1392.1,-0.20937,0,0
1394.4,-0.20625,4.4235e-17,0
1394.4,-0.20625,0,0
1396.4,-0.20312,4.4235e-17,0
1396.4,-0.20312,0,0
1398.3,-0.2,0,0
1398.3,-0.2,0,0
1400,-0.19688,4.4235e-17,0
1400,-0.19688,0,0
1401.3,-0.19375,4.4235e-17,0
1401.3,-0.19375,0,0
1402.3,-0.19062,4.4235e-17,0
1402.3,-0.19062,0,0
1402.9,-0.1875,4.4235e-17,0
1402.9,-0.1875,0,0
1403,-0.18438,0,0
1403,-0.18438,0,0
1402.4,-0.18125,4.4235e-17,0
1402.4,-0.18125,0,0
1401.2,-0.17812,0,0
1401.2,-0.17812,0,0
1399.2,-0.175,4.4235e-17,0
1399.2,-0.175,0,0
1396.1,-0.17188,4.4235e-17,0
1396.1,-0.17188,0,0
1391.8,-0.16875,0,0
1391.8,-0.16875,0,0
1386.1,-0.16563,4.4235e-17,0
1386.1,-0.16563,0,0
1378.6,-0.1625,4.4235e-17,0
1378.6,-0.1625,0,0
1369.1,-0.15937,0,0
1369.1,-0.15937,0,0
1357.1,-0.15625,0,0
1357.1,-0.15625,0,0
1342.2,-0.15313,-8.6736e-20,0
nan,-0.15313,-8.6736e-20,0
nan,0.55313,0,0
25,0.55313,0,0
25,0.55625,-5.2042e-19,0
25,0.55625,0,0
25,0.55937,-5.2042e-19,0
25,0.55937,0,0
25,0.5625,-5.2042e-19,0
25,0.5625,-9.6296e-35,0
25,0.56563,0,0
25,0.56563,0,0
25,0.56875,-5.2042e-19,0
25,0.56875,0,0
25,0.57187,-5.2042e-19,0
25,0.57187,0,0
25,0.575,-5.2042e-19,0
25,0.575,0,0
25,0.57812,-5.2042e-19,0
25,0.57812,0,0
25,0.58125,-5.2042e-19,0
25,0.58125,0,0
25,0.58438,-5.2042e-19,0
25,0.58438,0,0
25,0.5875,-5.2042e-19,0
25,0.5875,0,0
25,0.59062,-5.2042e-19,0
25,0.59062,0,0
25,0.59375,-5.2042e-19,0
25,0.59375,0,0
25,0.59688,-5.2042e-19,0
25,0.59688,0,0
25,0.6,-5.2042e-19,0
25,0.6,-4.414e-30,0
25,0.60312,0,0
25,0.60312,-4.414e-30,0
25,0.60625,0,0
25,0.60625,-4.414e-30,0
25,0.60938,0,0
25,0.60938,-4.414e-30,0
25,0.6125,0,0
25,0.6125,0,0
25,0.61563,-5.2042e-19,0
25,0.61563,0,0
25,0.61875,-5.2042e-19,0
25,0.61875,-4.414e-30,0
25,0.62187,0,0
25,0.62187,-4.414e-30,0
25,0.625,0,0
25,0.625,-4.414e-30,0
25,0.62813,0,0
25,0.62813,-4.414e-30,0
25,0.63125,0,0
25,0.63125,0,0
25,0.63437,-5.2042e-19,0
25,0.63437,-4.414e-30,0
25,0.6375,0,0
25,0.6375,0,0
25,0.64062,-5.2042e-19,0
25,0.64062,0,0
25,0.64375,-5.2042e-19,0
25,0.64375,-4.414e-30,0
25,0.64688,0,0
25,0.64688,0,0
25,0.65,-5.2042e-19,0
25,0.65,-4.414e-30,0
25,0.65312,0,0
25,0.65312,0,0
25,0.65625,-5.2042e-19,0
25,0.65625,-4.414e-30,0
25,0.65938,0,0
25,0.65938,0,0
25,0.6625,-5.2042e-19,0
25,0.6625,-4.414e-30,0
25,0.66562,0,0
25,0.66562,-4.414e-30,0
25,0.66875,0,0
25,0.66875,0,0
25,0.67188,-5.2042e-19,0
25,0.67188,0,0
25,0.675,-5.2042e-19,0
25,0.675,0,0
25,0.67813,-5.2042e-19,0
25,0.67813,-4.414e-30,0
25,0.68125,0,0
25,0.68125,-4.414e-30,0
25,0.68437,0,0
25,0.68437,-4.414e-30,0
25,0.6875,0,0
25,0.6875,0,0
25,0.69063,-5.2042e-19,0
25,0.69063,0,0
25,0.69375,-5.2042e-19,0
25,0.69375,0,0
25,0.69687,-5.2042e-19,0
25,0.69687,-4.414e-30,0
25,0.7,9.541e-18,0
25,0.7,0,0
25,0.70312,1.7347e-19,0
25,0.70312,-9.6296e-35,0
25,0.70625,1.0842e-17,0
nan,0.70625,1.0842e-17,0
nan,0.70312,0,0
25,0.70312,0,0
25,0.70625,1.7347e-19,0
25,0.70625,0,0
25,0.70938,1.7347e-19,0
nan,0.70938,1.7347e-19,0
nan,0.70625,-9.6296e-35,0
25,0.70625,-9.6296e-35,0
25,0.70938,1.0842e-17,0
25,0.70938,-9.6296e-35,0
25,0.7125,1.0842e-17,0
nan,0.7125,1.0842e-17,0
nan,0.70938,0,0
25,0.70938,0,0
25,0.7125,1.7347e-19,0
25,0.7125,0,0
25,0.71562,1.7347e-19,0
nan,0.71562,1.7347e-19,0
nan,0.7125,-9.6296e-35,0
25,0.7125,-9.6296e-35,0
25,0.71562,1.0842e-17,0
25,0.71562,-9.6296e-35,0
25,0.71875,1.0408e-17,0
25,0.71875,-9.6296e-35,0
25,0.72188,1.0842e-17,0
nan,0.72188,1.0842e-17,0
nan,0.71875,0,0
25,0.71875,0,0
25,0.72188,1.7347e-19,0
25,0.72188,0,0
25,0.725,1.7347e-19,0
nan,0.725,1.7347e-19,0
nan,0.72188,-9.6296e-35,0
25,0.72188,-9.6296e-35,0
25,0.725,1.0842e-17,0
25,0.725,-9.6296e-35,0
25,0.72812,9.541e-18,0
nan,0.72812,9.541e-18,0
nan,0.725,0,0
25,0.725,0,0
25,0.72812,-5.2042e-19,0
25,0.72812,0,0
25,0.73125,1.7347e-19,0
25,0.73125,0,0
25,0.73438,1.7347e-19,0
25,0.73438,0,0
25,0.7375,1.7347e-19,0
25,0.7375,0,0
25,0.74063,1.7347e-19,0
25,0.74063,0,0
25,0.74375,1.7347e-19,0
25,0.74375,0,0
25,0.74687,0,0
25,0.74687,0,0
25,0.75,1.7347e-19,0
25,0.75,0,0
25,0.75313,1.7347e-19,0
25,0.75313,0,0
25,0.75625,0,0
25,0.75625,0,0
25,0.75937,1.7347e-19,0
25,0.75937,0,0
25,0.7625,0,0
25,0.7625,0,0
25,0.76562,1.7347e-19,0
25,0.76562,0,0
25,0.76875,1.7347e-19,0
25,0.76875,0,0
25,0.77188,0,0
25,0.77188,0,0
25,0.775,1.7347e-19,0
25,0.775,0,0
25,0.77812,0,0
25,0.77812,0,0
25,0.78125,1.7347e-19,0
25,0.78125,0,0
25,0.78438,1.7347e-19,0
25,0.78438,0,0
25,0.7875,0,0
25,0.7875,0,0
25,0.79062,1.7347e-19,0
25,0.79062,0,0
25,0.79375,1.7347e-19,0
25,0.79375,0,0
25,0.79688,1.7347e-19,0
25,0.79688,0,0
25,0.8,1.7347e-19,0
25,0.8,0,0
25,0.80313,1.7347e-19,0
25,0.80313,4.4235e-17,0
25,0.80625,0,0
25,0.80625,0,0
25,0.80937,1.7347e-19,0
25,0.80937,0,0
25,0.8125,1.7347e-19,0
25,0.8125,0,0
25,0.81563,1.7347e-19,0
25,0.81563,0,0
25,0.81875,0,0
25,0.81875,4.4235e-17,0
25,0.82187,0,0
25,0.82187,0,0
25,0.825,0,0
25,0.825,0,0
25,0.82812,0,0
25,0.82812,4.4235e-17,0
25,0.83125,0,0
25,0.83125,0,0
25,0.83438,0,0
25,0.83438,0,0
25,0.8375,1.7347e-19,0
25,0.8375,0,0
25,0.84062,0,0
25,0.84062,0,0
25,0.84375,1.7347e-19,0
25,0.84375,0,0
25,0.84688,1.7347e-19,0
25,0.84688,0,0
25,0.85,0,0
25,0.85,4.4235e-17,0
25,0.85312,0,0
25,0.85312,0,0
25,0.85625,1.7347e-19,0
25,0.85625,0,0
25,0.85938,0,0
25,0.85938,4.4235e-17,0
25,0.8625,0,0
25,0.8625,0,0
25,0.86563,0,0
25,0.86563,0,0
25,0.86875,1.7347e-19,0
25,0.86875,0,0
25,0.87187,1.7347e-19,0
25,0.87187,0,0
25,0.875,0,0
25,0.875,0,0
25,0.87813,1.7347e-19,0
25,0.87813,0,0
25,0.88125,0,0
25,0.88125,4.4235e-17,0
25,0.88437,0,0
25,0.88437,0,0
25,0.8875,0,0
25,0.8875,0,0
25,0.89062,1.7347e-19,0
25,0.89062,4.4235e-17,0
25,0.89375,0,0
25,0.89375,0,0
25,0.89688,1.7347e-19,0
25,0.89688,4.4235e-17,0
25,0.9,0,0
25,0.9,0,0
25,0.90312,1.7347e-19,0
25,0.90312,0,0
25,0.90625,1.7347e-19,0
25,0.90625,0,0
25,0.90938,1.7347e-19,0
25,0.90938,0,0
25,0.9125,0,0
25,0.9125,0,0
25,0.91562,1.7347e-19,0
25,0.91562,0,0
25,0.91875,1.7347e-19,0
25,0.91875,0,0
25,0.92188,0,0
25,0.92188,4.4235e-17,0
25,0.925,0,0
25,0.925,0,0
25,0.92813,1.7347e-19,0
25,0.92813,4.4235e-17,0
25,0.93125,0,0
25,0.93125,0,0
25,0.93437,1.7347e-19,0
25,0.93437,0,0
25,0.9375,0,0
25,0.9375,4.4235e-17,0
25,0.94063,0,0
25,0.94063,0,0
25,0.94375,0,0
25,0.94375,0,0
25,0.94687,1.7347e-19,0
25,0.94687,0,0
25,0.95,1.7347e-19,0
25,0.95,0,0
25,0.95312,1.7347e-19,0
25,0.95312,0,0
25,0.95625,1.7347e-19,0
25,0.95625,0,0
25,0.95938,0,0
25,0.95938,0,0
25,0.9625,1.7347e-19,0
25,0.9625,0,0
25,0.96562,0,0
25,0.96562,0,0
25,0.96875,1.7347e-19,0
25,0.96875,0,0
25,0.97188,1.7347e-19,0
25,0.97188,0,0
25,0.975,1.7347e-19,0
25,0.975,4.4235e-17,0
25,0.97812,0,0
25,0.97812,0,0
25,0.98125,1.7347e-19,0
25,0.98125,0,0
25,0.98438,1.7347e-19,0
25,0.98438,0,0
25,0.9875,1.7347e-19,0
25,0.9875,0,0
25,0.99063,0,0
25,0.99063,0,0
25,0.99375,1.7347e-19,0
25,0.99375,0,0
25,0.99687,0,0
25,0.99687,0,0
25,1,0,0
