TimeStep,"DTdt","T","Tn","Points:0","Points:1","Points:2"
11,5.8265e-12,25,25,-15,0,0
11,5.9686e-12,25,25,-14.97,0,0
11,6.2528e-12,25,25,-14.94,0,0
11,6.537e-12,25,25,-14.91,0,0
11,7.1054e-12,25,25,-14.88,0,0
11,7.9581e-12,25,25,-14.85,0,0
11,9.2371e-12,25,25,-14.82,0,0
11,1.0658e-11,25,25,-14.79,0,0
11,1.2506e-11,25,25,-14.76,0,0
11,1.4779e-11,25,25,-14.73,0,0
11,1.7337e-11,25,25,-14.7,0,0
11,2.0464e-11,25,25,-14.67,0,0
11,2.4016e-11,25,25,-14.64,0,0
11,2.828e-11,25,25,-14.61,0,0
11,3.3253e-11,25,25,-14.58,0,0
11,3.8653e-11,25,25,-14.55,0,0
11,4.4622e-11,25,25,-14.52,0,0
11,5.1728e-11,25,25,-14.49,0,0
11,6.0254e-11,25,25,-14.46,0,0
11,7.0059e-11,25,25,-14.43,0,0
11,8.1286e-11,25,25,-14.4,0,0
11,9.4218e-11,25,25,-14.37,0,0
11,1.09e-10,25,25,-14.34,0,0
11,1.2591e-10,25,25,-14.31,0,0
11,1.4524e-10,25,25,-14.28,0,0
11,1.6783e-10,25,25,-14.25,0,0
11,1.9355e-10,25,25,-14.22,0,0
11,2.234e-10,25,25,-14.19,0,0
11,2.5764e-10,25,25,-14.16,0,0
11,2.9701e-10,25,25,-14.13,0,0
11,3.4248e-10,25,25,-14.1,0,0
11,3.9435e-10,25,25,-14.07,0,0
11,4.5361e-10,25,25,-14.04,0,0
11,5.2168e-10,25,25,-14.01,0,0
11,5.9956e-10,25,25,-13.98,0,0
11,6.8837e-10,25,25,-13.95,0,0
11,7.897e-10,25,25,-13.92,0,0
11,9.0608e-10,25,25,-13.89,0,0
11,1.0391e-09,25,25,-13.86,0,0
11,1.1917e-09,25,25,-13.83,0,0
11,1.3664e-09,25,25,-13.8,0,0
11,1.5662e-09,25,25,-13.77,0,0
11,1.7944e-09,25,25,-13.74,0,0
11,2.0556e-09,25,25,-13.71,0,0
11,2.3542e-09,25,25,-13.68,0,0
11,2.6957e-09,25,25,-13.65,0,0
11,3.0857e-09,25,25,-13.62,0,0
11,3.5313e-09,25,25,-13.59,0,0
11,4.0399e-09,25,25,-13.56,0,0
11,4.6208e-09,25,25,-13.53,0,0
11,5.2835e-09,25,25,-13.5,0,0
11,6.0396e-09,25,25,-13.47,0,0
11,6.9024e-09,25,25,-13.44,0,0
11,7.886e-09,25,25,-13.41,0,0
11,9.0075e-09,25,25,-13.38,0,0
11,1.0286e-08,25,25,-13.35,0,0
11,1.1742e-08,25,25,-13.32,0,0
11,1.34e-08,25,25,-13.29,0,0
11,1.5288e-08,25,25,-13.26,0,0
11,1.7438e-08,25,25,-13.23,0,0
11,1.9884e-08,25,25,-13.2,0,0
11,2.2667e-08,25,25,-13.17,0,0
11,2.5832e-08,25,25,-13.14,0,0
11,2.943e-08,25,25,-13.11,0,0
11,3.352e-08,25,25,-13.08,0,0
11,3.8166e-08,25,25,-13.05,0,0
11,4.3444e-08,25,25,-13.02,0,0
11,4.9437e-08,25,25,-12.99,0,0
11,5.6239e-08,25,25,-12.96,0,0
11,6.3957e-08,25,25,-12.93,0,0
11,7.2713e-08,25,25,-12.9,0,0
11,8.2641e-08,25,25,-12.87,0,0
11,9.3895e-08,25,25,-12.84,0,0
11,1.0665e-07,25,25,-12.81,0,0
11,1.2109e-07,25,25,-12.78,0,0
11,1.3745e-07,25,25,-12.75,0,0
11,1.5597e-07,25,25,-12.72,0,0
11,1.7692e-07,25,25,-12.69,0,0
11,2.0063e-07,25,25,-12.66,0,0
11,2.2742e-07,25,25,-12.63,0,0
11,2.5772e-07,25,25,-12.6,0,0
11,2.9194e-07,25,25,-12.57,0,0
11,3.306e-07,25,25,-12.54,0,0
11,3.7424e-07,25,25,-12.51,0,0
11,4.2349e-07,25,25,-12.48,0,0
11,4.7906e-07,25,25,-12.45,0,0
11,5.4171e-07,25,25,-12.42,0,0
11,6.1234e-07,25,25,-12.39,0,0
11,6.9193e-07,25,25,-12.36,0,0
11,7.8156e-07,25,25,-12.33,0,0
11,8.8247e-07,25,25,-12.3,0,0
11,9.9602e-07,25,25,-12.27,0,0
11,1.1238e-06,25,25,-12.24,0,0
11,1.2674e-06,25,25,-12.21,0,0
11,1.4288e-06,25,25,-12.18,0,0
11,1.6102e-06,25,25,-12.15,0,0
11,1.8138e-06,25,25,-12.12,0,0
11,2.0423e-06,25,25,-12.09,0,0
11,2.2987e-06,25,25,-12.06,0,0
11,2.5863e-06,25,25,-12.03,0,0
11,2.9085e-06,25,25,-12,0,0
11,3.2695e-06,25,25,-11.97,0,0
11,3.6738e-06,25,25,-11.94,0,0
11,4.1263e-06,25,25,-11.91,0,0
11,4.6324e-06,25,25,-11.88,0,0
11,5.1984e-06,25,25,-11.85,0,0
11,5.8309e-06,25,25,-11.82,0,0
11,6.5374e-06,25,25,-11.79,0,0
11,7.3261e-06,25,25,-11.76,0,0
11,8.2062e-06,25,25,-11.73,0,0
11,9.1878e-06,25,25,-11.7,0,0
11,1.0282e-05,25,25,-11.67,0,0
11,1.1501e-05,25,25,-11.64,0,0
11,1.2858e-05,25,25,-11.61,0,0
11,1.4368e-05,25,25,-11.58,0,0
11,1.6048e-05,25,25,-11.55,0,0
11,1.7915e-05,25,25,-11.52,0,0
11,1.999e-05,25,25,-11.49,0,0
11,2.2293e-05,25,25,-11.46,0,0
11,2.4848e-05,25,25,-11.43,0,0
11,2.7683e-05,25,25,-11.4,0,0
11,3.0824e-05,25,25,-11.37,0,0
11,3.4304e-05,25,25,-11.34,0,0
11,3.8155e-05,25,25,-11.31,0,0
11,4.2417e-05,25,25,-11.28,0,0
11,4.7128e-05,25,25,-11.25,0,0
11,5.2333e-05,25,25,-11.22,0,0
11,5.808e-05,25,25,-11.19,0,0
11,6.4422e-05,25,25,-11.16,0,0
11,7.1416e-05,25,25,-11.13,0,0
11,7.9122e-05,25,25,-11.1,0,0
11,8.7609e-05,25,25,-11.07,0,0
11,9.6948e-05,25,25,-11.04,0,0
11,0.00010722,25,25,-11.01,0,0
11,0.00011851,25,25,-10.98,0,0
11,0.0001309,25,25,-10.95,0,0
11,0.0001445,25,25,-10.92,0,0
11,0.00015941,25,25,-10.89,0,0
11,0.00017576,25,25,-10.86,0,0
11,0.00019365,25,25,-10.83,0,0
11,0.00021323,25,25,-10.8,0,0
11,0.00023463,25,25,-10.77,0,0
11,0.00025801,25,25,-10.74,0,0
11,0.00028354,25,25,-10.71,0,0
11,0.00031137,25,25,-10.68,0,0
11,0.00034171,25,25,-10.65,0,0
11,0.00037475,25,25,-10.62,0,0
11,0.00041069,25,25,-10.59,0,0
11,0.00044977,25,25,-10.56,0,0
11,0.00049222,25,25,-10.53,0,0
11,0.00053828,25,25,-10.5,0,0
11,0.00058824,25,25,-10.47,0,0
11,0.00064236,25,25,-10.44,0,0
11,0.00070095,25,25,-10.41,0,0
11,0.00076431,25,25,-10.38,0,0
11,0.00083278,25,25,-10.35,0,0
11,0.00090671,25,25,-10.32,0,0
11,0.00098643,25,25,-10.29,0,0
11,0.0010724,25,25,-10.26,0,0
11,0.0011649,25,25,-10.23,0,0
11,0.0012643,25,25,-10.2,0,0
11,0.0013713,25,25,-10.17,0,0
11,0.001486,25,25,-10.14,0,0
11,0.0016091,25,25,-10.11,0,0
11,0.001741,25,25,-10.08,0,0
11,0.0018822,25,25,-10.05,0,0
11,0.0020332,25,25,-10.02,0,0
11,0.0021945,25,25,-9.99,0,0
11,0.0023666,25,25,-9.96,0,0
11,0.0025502,25,25,-9.93,0,0
11,0.0027456,25,25,-9.9,0,0
11,0.0029536,25,25,-9.87,0,0
11,0.0031746,25,25,-9.84,0,0
11,0.0034094,25,25,-9.81,0,0
11,0.0036583,25,25,-9.78,0,0
11,0.0039221,25.001,25,-9.75,0,0
11,0.0042013,25.001,25,-9.72,0,0
11,0.0044965,25.001,25.001,-9.69,0,0
11,0.0048083,25.001,25.001,-9.66,0,0
11,0.0051373,25.001,25.001,-9.63,0,0
11,0.005484,25.001,25.001,-9.6,0,0
11,0.0058491,25.001,25.001,-9.57,0,0
11,0.0062331,25.001,25.001,-9.54,0,0
11,0.0066365,25.001,25.001,-9.51,0,0
11,0.0070598,25.001,25.001,-9.48,0,0
11,0.0075037,25.001,25.001,-9.45,0,0
11,0.0079685,25.001,25.001,-9.42,0,0
11,0.0084547,25.001,25.001,-9.39,0,0
11,0.0089629,25.002,25.001,-9.36,0,0
11,0.0094933,25.002,25.001,-9.33,0,0
11,0.010046,25.002,25.002,-9.3,0,0
11,0.010623,25.002,25.002,-9.27,0,0
11,0.011222,25.002,25.002,-9.24,0,0
11,0.011845,25.002,25.002,-9.21,0,0
11,0.012492,25.002,25.002,-9.18,0,0
11,0.013164,25.003,25.002,-9.15,0,0
11,0.013859,25.003,25.002,-9.12,0,0
11,0.014579,25.003,25.003,-9.09,0,0
11,0.015323,25.003,25.003,-9.06,0,0
11,0.016092,25.003,25.003,-9.03,0,0
11,0.016886,25.004,25.003,-9,0,0
11,0.017704,25.004,25.003,-8.97,0,0
11,0.018546,25.004,25.004,-8.94,0,0
11,0.019412,25.004,25.004,-8.91,0,0
11,0.020302,25.005,25.004,-8.88,0,0
11,0.021216,25.005,25.005,-8.85,0,0
11,0.022154,25.005,25.005,-8.82,0,0
11,0.023114,25.006,25.005,-8.79,0,0
11,0.024097,25.006,25.006,-8.76,0,0
11,0.025101,25.007,25.006,-8.73,0,0
11,0.026128,25.007,25.006,-8.7,0,0
11,0.027175,25.008,25.007,-8.67,0,0
11,0.028242,25.008,25.007,-8.64,0,0
11,0.029329,25.009,25.008,-8.61,0,0
11,0.030434,25.009,25.008,-8.58,0,0
11,0.031558,25.01,25.009,-8.55,0,0
11,0.032698,25.01,25.009,-8.52,0,0
11,0.033854,25.011,25.01,-8.49,0,0
11,0.035026,25.011,25.011,-8.46,0,0
11,0.036211,25.012,25.011,-8.43,0,0
11,0.037409,25.013,25.012,-8.4,0,0
11,0.038619,25.014,25.013,-8.37,0,0
11,0.03984,25.014,25.013,-8.34,0,0
11,0.041069,25.015,25.014,-8.31,0,0
11,0.042307,25.016,25.015,-8.28,0,0
11,0.043551,25.017,25.016,-8.25,0,0
11,0.0448,25.018,25.017,-8.22,0,0
11,0.046053,25.019,25.018,-8.19,0,0
11,0.047308,25.02,25.019,-8.16,0,0
11,0.048564,25.021,25.02,-8.13,0,0
11,0.049819,25.022,25.021,-8.1,0,0
11,0.051072,25.023,25.022,-8.07,0,0
11,0.05232,25.024,25.023,-8.04,0,0
11,0.053563,25.026,25.024,-8.01,0,0
11,0.054799,25.027,25.026,-7.98,0,0
11,0.056025,25.028,25.027,-7.95,0,0
11,0.057241,25.03,25.028,-7.92,0,0
11,0.058444,25.031,25.03,-7.89,0,0
11,0.059634,25.033,25.031,-7.86,0,0
11,0.060807,25.034,25.033,-7.83,0,0
11,0.061963,25.036,25.034,-7.8,0,0
11,0.0631,25.037,25.036,-7.77,0,0
11,0.064216,25.039,25.037,-7.74,0,0
11,0.06531,25.041,25.039,-7.71,0,0
11,0.066379,25.043,25.041,-7.68,0,0
11,0.067423,25.045,25.043,-7.65,0,0
11,0.06844,25.046,25.045,-7.62,0,0
11,0.069427,25.048,25.047,-7.59,0,0
11,0.070385,25.051,25.049,-7.56,0,0
11,0.071311,25.053,25.051,-7.53,0,0
11,0.072203,25.055,25.053,-7.5,0,0
11,0.073061,25.057,25.055,-7.47,0,0
11,0.073884,25.059,25.058,-7.44,0,0
11,0.074669,25.062,25.06,-7.41,0,0
11,0.075415,25.064,25.062,-7.38,0,0
11,0.076122,25.067,25.065,-7.35,0,0
11,0.076789,25.069,25.068,-7.32,0,0
11,0.077413,25.072,25.07,-7.29,0,0
11,0.077995,25.075,25.073,-7.26,0,0
11,0.078533,25.078,25.076,-7.23,0,0
11,0.079027,25.081,25.079,-7.2,0,0
11,0.079475,25.084,25.082,-7.17,0,0
11,0.079876,25.087,25.085,-7.14,0,0
11,0.08023,25.09,25.088,-7.11,0,0
11,0.080537,25.093,25.091,-7.08,0,0
11,0.080794,25.096,25.094,-7.05,0,0
11,0.081002,25.099,25.097,-7.02,0,0
11,0.08116,25.103,25.101,-6.99,0,0
11,0.081267,25.106,25.104,-6.96,0,0
11,0.081323,25.11,25.108,-6.93,0,0
11,0.081326,25.113,25.111,-6.9,0,0
11,0.081277,25.117,25.115,-6.87,0,0
11,0.081175,25.121,25.119,-6.84,0,0
11,0.08102,25.125,25.123,-6.81,0,0
11,0.08081,25.128,25.126,-6.78,0,0
11,0.080547,25.132,25.13,-6.75,0,0
11,0.080231,25.137,25.134,-6.72,0,0
11,0.07986,25.141,25.139,-6.69,0,0
11,0.079436,25.145,25.143,-6.66,0,0
11,0.078958,25.149,25.147,-6.63,0,0
11,0.078428,25.153,25.151,-6.6,0,0
11,0.077844,25.158,25.156,-6.57,0,0
11,0.077208,25.162,25.16,-6.54,0,0
11,0.07652,25.167,25.165,-6.51,0,0
11,0.075779,25.171,25.17,-6.48,0,0
11,0.074986,25.176,25.174,-6.45,0,0
11,0.074141,25.181,25.179,-6.42,0,0
11,0.073244,25.186,25.184,-6.39,0,0
11,0.072296,25.191,25.189,-6.36,0,0
11,0.071295,25.195,25.194,-6.33,0,0
11,0.070243,25.2,25.199,-6.3,0,0
11,0.069141,25.206,25.204,-6.27,0,0
11,0.067988,25.211,25.209,-6.24,0,0
11,0.066786,25.216,25.214,-6.21,0,0
11,0.065537,25.221,25.219,-6.18,0,0
11,0.064241,25.226,25.225,-6.15,0,0
11,0.062902,25.232,25.23,-6.12,0,0
11,0.06152,25.237,25.236,-6.09,0,0
11,0.060097,25.243,25.241,-6.06,0,0
11,0.058637,25.248,25.247,-6.03,0,0
11,0.05714,25.254,25.252,-6,0,0
11,0.055607,25.259,25.258,-5.97,0,0
11,0.054042,25.265,25.264,-5.94,0,0
11,0.052443,25.271,25.27,-5.91,0,0
11,0.050813,25.277,25.275,-5.88,0,0
11,0.049151,25.282,25.281,-5.85,0,0
11,0.047459,25.288,25.287,-5.82,0,0
11,0.045737,25.294,25.293,-5.79,0,0
11,0.043985,25.3,25.299,-5.76,0,0
11,0.042205,25.306,25.305,-5.73,0,0
11,0.0404,25.312,25.311,-5.7,0,0
11,0.03857,25.318,25.317,-5.67,0,0
11,0.03672,25.324,25.324,-5.64,0,0
11,0.034853,25.331,25.33,-5.61,0,0
11,0.032972,25.337,25.336,-5.58,0,0
11,0.031082,25.343,25.342,-5.55,0,0
11,0.029187,25.349,25.348,-5.52,0,0
11,0.027289,25.355,25.355,-5.49,0,0
11,0.025392,25.362,25.361,-5.46,0,0
11,0.023497,25.368,25.367,-5.43,0,0
11,0.021605,25.374,25.374,-5.4,0,0
11,0.019715,25.381,25.38,-5.37,0,0
11,0.017827,25.387,25.387,-5.34,0,0
11,0.015938,25.393,25.393,-5.31,0,0
11,0.014048,25.4,25.399,-5.28,0,0
11,0.012153,25.406,25.406,-5.25,0,0
11,0.010253,25.413,25.412,-5.22,0,0
11,0.0083456,25.419,25.419,-5.19,0,0
11,0.0064307,25.425,25.425,-5.16,0,0
11,0.0045088,25.432,25.432,-5.13,0,0
11,0.0025816,25.438,25.438,-5.1,0,0
11,0.00065164,25.445,25.445,-5.07,0,0
11,-0.0012775,25.451,25.451,-5.04,0,0
11,-0.0032015,25.458,25.458,-5.01,0,0
11,-0.0051154,25.464,25.464,-4.98,0,0
11,-0.0070138,25.471,25.471,-4.95,0,0
11,-0.0088909,25.477,25.477,-4.92,0,0
11,-0.010741,25.483,25.484,-4.89,0,0
11,-0.012558,25.49,25.49,-4.86,0,0
11,-0.014336,25.496,25.497,-4.83,0,0
11,-0.016069,25.503,25.503,-4.8,0,0
11,-0.017751,25.509,25.509,-4.77,0,0
11,-0.01938,25.515,25.516,-4.74,0,0
11,-0.020953,25.522,25.522,-4.71,0,0
11,-0.022471,25.528,25.529,-4.68,0,0
11,-0.023939,25.534,25.535,-4.65,0,0
11,-0.025369,25.541,25.541,-4.62,0,0
11,-0.026777,25.547,25.548,-4.59,0,0
11,-0.028185,25.553,25.554,-4.56,0,0
11,-0.029621,25.559,25.56,-4.53,0,0
11,-0.031115,25.565,25.566,-4.5,0,0
11,-0.032691,25.572,25.572,-4.47,0,0
11,-0.034356,25.578,25.579,-4.44,0,0
11,-0.0361,25.584,25.585,-4.41,0,0
11,-0.037894,25.59,25.591,-4.38,0,0
11,-0.039693,25.596,25.597,-4.35,0,0
11,-0.041441,25.602,25.603,-4.32,0,0
11,-0.043069,25.608,25.609,-4.29,0,0
11,-0.044503,25.614,25.615,-4.26,0,0
11,-0.045668,25.62,25.621,-4.23,0,0
11,-0.04649,25.626,25.627,-4.2,0,0
11,-0.046911,25.631,25.632,-4.17,0,0
11,-0.046898,25.637,25.638,-4.14,0,0
11,-0.046462,25.643,25.644,-4.11,0,0
11,-0.045683,25.648,25.65,-4.08,0,0
11,-0.044747,25.654,25.655,-4.05,0,0
11,-0.043992,25.66,25.661,-4.02,0,0
11,-0.04398,25.665,25.666,-3.99,0,0
11,-0.044985,25.671,25.672,-3.96,0,0
11,-0.047001,25.676,25.677,-3.93,0,0
11,-0.049889,25.682,25.683,-3.9,0,0
11,-0.053457,25.687,25.688,-3.87,0,0
11,-0.057491,25.692,25.694,-3.84,0,0
11,-0.06176,25.698,25.699,-3.81,0,0
11,-0.066014,25.703,25.704,-3.78,0,0
11,-0.069966,25.708,25.71,-3.75,0,0
11,-0.073273,25.713,25.715,-3.72,0,0
11,-0.075514,25.718,25.72,-3.69,0,0
11,-0.076152,25.723,25.725,-3.66,0,0
11,-0.074501,25.728,25.73,-3.63,0,0
11,-0.069676,25.733,25.734,-3.6,0,0
11,-0.060532,25.737,25.739,-3.57,0,0
11,-0.045591,25.742,25.743,-3.54,0,0
11,-0.022951,25.747,25.747,-3.51,0,0
11,-0.015386,25.752,25.752,-3.48,0,0
11,-0.017758,25.756,25.757,-3.45,0,0
11,-0.025097,25.761,25.761,-3.42,0,0
11,-0.034855,25.765,25.766,-3.39,0,0
11,-0.045813,25.77,25.771,-3.36,0,0
11,-0.057482,25.774,25.776,-3.33,0,0
11,-0.069778,25.779,25.781,-3.3,0,0
11,-0.082851,25.783,25.785,-3.27,0,0
11,-0.096996,25.788,25.79,-3.24,0,0
11,-0.11261,25.792,25.795,-3.21,0,0
11,-0.13019,25.796,25.799,-3.18,0,0
11,-0.15031,25.8,25.804,-3.15,0,0
11,-0.17365,25.804,25.808,-3.12,0,0
11,-0.20102,25.808,25.813,-3.09,0,0
11,-0.23338,25.811,25.817,-3.06,0,0
11,-0.27187,25.815,25.821,-3.03,0,0
11,-0.31785,25.818,25.826,-3,0,0
11,nan,nan,nan,-2.97,0,0
11,nan,nan,nan,-2.94,0,0
11,nan,nan,nan,-2.91,0,0
11,nan,nan,nan,-2.88,0,0
11,nan,nan,nan,-2.85,0,0
11,nan,nan,nan,-2.82,0,0
11,nan,nan,nan,-2.79,0,0
11,nan,nan,nan,-2.76,0,0
11,nan,nan,nan,-2.73,0,0
11,nan,nan,nan,-2.7,0,0
11,nan,nan,nan,-2.67,0,0
11,nan,nan,nan,-2.64,0,0
11,nan,nan,nan,-2.61,0,0
11,nan,nan,nan,-2.58,0,0
11,nan,nan,nan,-2.55,0,0
11,nan,nan,nan,-2.52,0,0
11,nan,nan,nan,-2.49,0,0
11,nan,nan,nan,-2.46,0,0
11,nan,nan,nan,-2.43,0,0
11,nan,nan,nan,-2.4,0,0
11,nan,nan,nan,-2.37,0,0
11,nan,nan,nan,-2.34,0,0
11,nan,nan,nan,-2.31,0,0
11,nan,nan,nan,-2.28,0,0
11,nan,nan,nan,-2.25,0,0
11,nan,nan,nan,-2.22,0,0
11,nan,nan,nan,-2.19,0,0
11,nan,nan,nan,-2.16,0,0
11,nan,nan,nan,-2.13,0,0
11,nan,nan,nan,-2.1,0,0
11,nan,nan,nan,-2.07,0,0
11,nan,nan,nan,-2.04,0,0
11,nan,nan,nan,-2.01,0,0
11,nan,nan,nan,-1.98,0,0
11,nan,nan,nan,-1.95,0,0
11,nan,nan,nan,-1.92,0,0
11,nan,nan,nan,-1.89,0,0
11,nan,nan,nan,-1.86,0,0
11,nan,nan,nan,-1.83,0,0
11,nan,nan,nan,-1.8,0,0
11,nan,nan,nan,-1.77,0,0
11,nan,nan,nan,-1.74,0,0
11,nan,nan,nan,-1.71,0,0
11,nan,nan,nan,-1.68,0,0
11,nan,nan,nan,-1.65,0,0
11,nan,nan,nan,-1.62,0,0
11,nan,nan,nan,-1.59,0,0
11,nan,nan,nan,-1.56,0,0
11,nan,nan,nan,-1.53,0,0
11,nan,nan,nan,-1.5,0,0
11,nan,nan,nan,-1.47,0,0
11,nan,nan,nan,-1.44,0,0
11,nan,nan,nan,-1.41,0,0
11,nan,nan,nan,-1.38,0,0
11,nan,nan,nan,-1.35,0,0
11,nan,nan,nan,-1.32,0,0
11,nan,nan,nan,-1.29,0,0
11,nan,nan,nan,-1.26,0,0
11,nan,nan,nan,-1.23,0,0
11,nan,nan,nan,-1.2,0,0
11,nan,nan,nan,-1.17,0,0
11,nan,nan,nan,-1.14,0,0
11,nan,nan,nan,-1.11,0,0
11,nan,nan,nan,-1.08,0,0
11,nan,nan,nan,-1.05,0,0
11,nan,nan,nan,-1.02,0,0
11,nan,nan,nan,-0.99,0,0
11,nan,nan,nan,-0.96,0,0
11,nan,nan,nan,-0.93,0,0
11,nan,nan,nan,-0.9,0,0
11,nan,nan,nan,-0.87,0,0
11,nan,nan,nan,-0.84,0,0
11,nan,nan,nan,-0.81,0,0
11,nan,nan,nan,-0.78,0,0
11,nan,nan,nan,-0.75,0,0
11,nan,nan,nan,-0.72,0,0
11,nan,nan,nan,-0.69,0,0
11,nan,nan,nan,-0.66,0,0
11,nan,nan,nan,-0.63,0,0
11,nan,nan,nan,-0.6,0,0
11,nan,nan,nan,-0.57,0,0
11,nan,nan,nan,-0.54,0,0
11,nan,nan,nan,-0.51,0,0
11,nan,nan,nan,-0.48,0,0
11,nan,nan,nan,-0.45,0,0
11,nan,nan,nan,-0.42,0,0
11,nan,nan,nan,-0.39,0,0
11,nan,nan,nan,-0.36,0,0
11,nan,nan,nan,-0.33,0,0
11,nan,nan,nan,-0.3,0,0
11,nan,nan,nan,-0.27,0,0
11,nan,nan,nan,-0.24,0,0
11,nan,nan,nan,-0.21,0,0
11,nan,nan,nan,-0.18,0,0
11,nan,nan,nan,-0.15,0,0
11,nan,nan,nan,-0.12,0,0
11,nan,nan,nan,-0.09,0,0
11,nan,nan,nan,-0.06,0,0
11,nan,nan,nan,-0.03,0,0
11,nan,nan,nan,0,0,0
11,nan,nan,nan,0.03,0,0
11,nan,nan,nan,0.06,0,0
11,nan,nan,nan,0.09,0,0
11,nan,nan,nan,0.12,0,0
11,nan,nan,nan,0.15,0,0
11,nan,nan,nan,0.18,0,0
11,nan,nan,nan,0.21,0,0
11,nan,nan,nan,0.24,0,0
11,nan,nan,nan,0.27,0,0
11,nan,nan,nan,0.3,0,0
11,nan,nan,nan,0.33,0,0
11,nan,nan,nan,0.36,0,0
11,nan,nan,nan,0.39,0,0
11,nan,nan,nan,0.42,0,0
11,nan,nan,nan,0.45,0,0
11,nan,nan,nan,0.48,0,0
11,nan,nan,nan,0.51,0,0
11,nan,nan,nan,0.54,0,0
11,nan,nan,nan,0.57,0,0
11,nan,nan,nan,0.6,0,0
11,nan,nan,nan,0.63,0,0
11,nan,nan,nan,0.66,0,0
11,nan,nan,nan,0.69,0,0
11,nan,nan,nan,0.72,0,0
11,nan,nan,nan,0.75,0,0
11,nan,nan,nan,0.78,0,0
11,nan,nan,nan,0.81,0,0
11,nan,nan,nan,0.84,0,0
11,nan,nan,nan,0.87,0,0
11,nan,nan,nan,0.9,0,0
11,nan,nan,nan,0.93,0,0
11,nan,nan,nan,0.96,0,0
11,nan,nan,nan,0.99,0,0
11,nan,nan,nan,1.02,0,0
11,nan,nan,nan,1.05,0,0
11,nan,nan,nan,1.08,0,0
11,nan,nan,nan,1.11,0,0
11,nan,nan,nan,1.14,0,0
11,nan,nan,nan,1.17,0,0
11,nan,nan,nan,1.2,0,0
11,nan,nan,nan,1.23,0,0
11,nan,nan,nan,1.26,0,0
11,nan,nan,nan,1.29,0,0
11,nan,nan,nan,1.32,0,0
11,nan,nan,nan,1.35,0,0
11,nan,nan,nan,1.38,0,0
11,nan,nan,nan,1.41,0,0
11,nan,nan,nan,1.44,0,0
11,nan,nan,nan,1.47,0,0
11,nan,nan,nan,1.5,0,0
11,nan,nan,nan,1.53,0,0
11,nan,nan,nan,1.56,0,0
11,nan,nan,nan,1.59,0,0
11,nan,nan,nan,1.62,0,0
11,nan,nan,nan,1.65,0,0
11,nan,nan,nan,1.68,0,0
11,nan,nan,nan,1.71,0,0
11,nan,nan,nan,1.74,0,0
11,nan,nan,nan,1.77,0,0
11,nan,nan,nan,1.8,0,0
11,nan,nan,nan,1.83,0,0
11,nan,nan,nan,1.86,0,0
11,nan,nan,nan,1.89,0,0
11,nan,nan,nan,1.92,0,0
11,nan,nan,nan,1.95,0,0
11,nan,nan,nan,1.98,0,0
11,nan,nan,nan,2.01,0,0
11,nan,nan,nan,2.04,0,0
11,nan,nan,nan,2.07,0,0
11,nan,nan,nan,2.1,0,0
11,nan,nan,nan,2.13,0,0
11,nan,nan,nan,2.16,0,0
11,nan,nan,nan,2.19,0,0
11,nan,nan,nan,2.22,0,0
11,nan,nan,nan,2.25,0,0
11,nan,nan,nan,2.28,0,0
11,nan,nan,nan,2.31,0,0
11,nan,nan,nan,2.34,0,0
11,nan,nan,nan,2.37,0,0
11,nan,nan,nan,2.4,0,0
11,nan,nan,nan,2.43,0,0
11,nan,nan,nan,2.46,0,0
11,nan,nan,nan,2.49,0,0
11,nan,nan,nan,2.52,0,0
11,nan,nan,nan,2.55,0,0
11,nan,nan,nan,2.58,0,0
11,nan,nan,nan,2.61,0,0
11,nan,nan,nan,2.64,0,0
11,nan,nan,nan,2.67,0,0
11,nan,nan,nan,2.7,0,0
11,nan,nan,nan,2.73,0,0
11,nan,nan,nan,2.76,0,0
11,nan,nan,nan,2.79,0,0
11,nan,nan,nan,2.82,0,0
11,nan,nan,nan,2.85,0,0
11,nan,nan,nan,2.88,0,0
11,nan,nan,nan,2.91,0,0
11,nan,nan,nan,2.94,0,0
11,nan,nan,nan,2.97,0,0
11,nan,nan,nan,3,0,0
11,nan,nan,nan,3.03,0,0
11,nan,nan,nan,3.06,0,0
11,nan,nan,nan,3.09,0,0
11,nan,nan,nan,3.12,0,0
11,nan,nan,nan,3.15,0,0
11,nan,nan,nan,3.18,0,0
11,nan,nan,nan,3.21,0,0
11,nan,nan,nan,3.24,0,0
11,nan,nan,nan,3.27,0,0
11,nan,nan,nan,3.3,0,0
11,nan,nan,nan,3.33,0,0
11,nan,nan,nan,3.36,0,0
11,nan,nan,nan,3.39,0,0
11,nan,nan,nan,3.42,0,0
11,nan,nan,nan,3.45,0,0
11,nan,nan,nan,3.48,0,0
11,nan,nan,nan,3.51,0,0
11,nan,nan,nan,3.54,0,0
11,nan,nan,nan,3.57,0,0
11,nan,nan,nan,3.6,0,0
11,nan,nan,nan,3.63,0,0
11,nan,nan,nan,3.66,0,0
11,nan,nan,nan,3.69,0,0
11,nan,nan,nan,3.72,0,0
11,nan,nan,nan,3.75,0,0
11,nan,nan,nan,3.78,0,0
11,nan,nan,nan,3.81,0,0
11,nan,nan,nan,3.84,0,0
11,nan,nan,nan,3.87,0,0
11,nan,nan,nan,3.9,0,0
11,nan,nan,nan,3.93,0,0
11,nan,nan,nan,3.96,0,0
11,nan,nan,nan,3.99,0,0
11,nan,nan,nan,4.02,0,0
11,nan,nan,nan,4.05,0,0
11,nan,nan,nan,4.08,0,0
11,nan,nan,nan,4.11,0,0
11,nan,nan,nan,4.14,0,0
11,nan,nan,nan,4.17,0,0
11,nan,nan,nan,4.2,0,0
11,nan,nan,nan,4.23,0,0
11,nan,nan,nan,4.26,0,0
11,nan,nan,nan,4.29,0,0
11,nan,nan,nan,4.32,0,0
11,nan,nan,nan,4.35,0,0
11,nan,nan,nan,4.38,0,0
11,nan,nan,nan,4.41,0,0
11,nan,nan,nan,4.44,0,0
11,nan,nan,nan,4.47,0,0
11,nan,nan,nan,4.5,0,0
11,nan,nan,nan,4.53,0,0
11,nan,nan,nan,4.56,0,0
11,nan,nan,nan,4.59,0,0
11,nan,nan,nan,4.62,0,0
11,nan,nan,nan,4.65,0,0
11,nan,nan,nan,4.68,0,0
11,nan,nan,nan,4.71,0,0
11,nan,nan,nan,4.74,0,0
11,nan,nan,nan,4.77,0,0
11,nan,nan,nan,4.8,0,0
11,nan,nan,nan,4.83,0,0
11,nan,nan,nan,4.86,0,0
11,nan,nan,nan,4.89,0,0
11,nan,nan,nan,4.92,0,0
11,nan,nan,nan,4.95,0,0
11,nan,nan,nan,4.98,0,0
11,0.0022845,25,25,5.01,0,0
11,0.0021628,25,25,5.04,0,0
11,0.0020308,25,25,5.07,0,0
11,0.0018937,25,25,5.1,0,0
11,0.0017554,25,25,5.13,0,0
11,0.0016189,25,25,5.16,0,0
11,0.0014862,25,25,5.19,0,0
11,0.0013589,25,25,5.22,0,0
11,0.0012382,25,25,5.25,0,0
11,0.0011245,25,25,5.28,0,0
11,0.0010183,25,25,5.31,0,0
11,0.00091961,25,25,5.34,0,0
11,0.00082849,25,25,5.37,0,0
11,0.00074471,25,25,5.4,0,0
11,0.000668,25,25,5.43,0,0
11,0.00059802,25,25,5.46,0,0
11,0.00053438,25,25,5.49,0,0
11,0.00047669,25,25,5.52,0,0
11,0.00042454,25,25,5.55,0,0
11,0.0003775,25,25,5.58,0,0
11,0.00033518,25,25,5.61,0,0
11,0.00029719,25,25,5.64,0,0
11,0.00026315,25,25,5.67,0,0
11,0.00023271,25,25,5.7,0,0
11,0.00020553,25,25,5.73,0,0
11,0.00018131,25,25,5.76,0,0
11,0.00015976,25,25,5.79,0,0
11,0.00014061,25,25,5.82,0,0
11,0.00012363,25,25,5.85,0,0
11,0.00010858,25,25,5.88,0,0
11,9.5262e-05,25,25,5.91,0,0
11,8.3495e-05,25,25,5.94,0,0
11,7.311e-05,25,25,5.97,0,0
11,6.3955e-05,25,25,6,0,0
11,5.5894e-05,25,25,6.03,0,0
11,4.8804e-05,25,25,6.06,0,0
11,4.2576e-05,25,25,6.09,0,0
11,3.7109e-05,25,25,6.12,0,0
11,3.2316e-05,25,25,6.15,0,0
11,2.8118e-05,25,25,6.18,0,0
11,2.4445e-05,25,25,6.21,0,0
11,2.1234e-05,25,25,6.24,0,0
11,1.8429e-05,25,25,6.27,0,0
11,1.5982e-05,25,25,6.3,0,0
11,1.385e-05,25,25,6.33,0,0
11,1.1992e-05,25,25,6.36,0,0
11,1.0375e-05,25,25,6.39,0,0
11,8.9698e-06,25,25,6.42,0,0
11,7.7488e-06,25,25,6.45,0,0
11,6.6891e-06,25,25,6.48,0,0
11,5.77e-06,25,25,6.51,0,0
11,4.9736e-06,25,25,6.54,0,0
11,4.284e-06,25,25,6.57,0,0
11,3.6874e-06,25,25,6.6,0,0
11,3.1716e-06,25,25,6.63,0,0
11,2.7261e-06,25,25,6.66,0,0
11,2.3415e-06,25,25,6.69,0,0
11,2.0099e-06,25,25,6.72,0,0
11,1.724e-06,25,25,6.75,0,0
11,1.4778e-06,25,25,6.78,0,0
11,1.2659e-06,25,25,6.81,0,0
11,1.0837e-06,25,25,6.84,0,0
11,9.2715e-07,25,25,6.87,0,0
11,7.9268e-07,25,25,6.9,0,0
11,6.7729e-07,25,25,6.93,0,0
11,5.7833e-07,25,25,6.96,0,0
11,4.9353e-07,25,25,6.99,0,0
11,4.209e-07,25,25,7.02,0,0
11,3.5875e-07,25,25,7.05,0,0
11,3.0559e-07,25,25,7.08,0,0
11,2.6015e-07,25,25,7.11,0,0
11,2.2134e-07,25,25,7.14,0,0
11,1.8821e-07,25,25,7.17,0,0
11,1.5995e-07,25,25,7.2,0,0
11,1.3585e-07,25,25,7.23,0,0
11,1.1532e-07,25,25,7.26,0,0
11,9.7843e-08,25,25,7.29,0,0
11,8.2967e-08,25,25,7.32,0,0
11,7.0315e-08,25,25,7.35,0,0
11,5.9561e-08,25,25,7.38,0,0
11,5.0426e-08,25,25,7.41,0,0
11,4.267e-08,25,25,7.44,0,0
11,3.6089e-08,25,25,7.47,0,0
11,3.0507e-08,25,25,7.5,0,0
11,2.5776e-08,25,25,7.53,0,0
11,2.1769e-08,25,25,7.56,0,0
11,1.8375e-08,25,25,7.59,0,0
11,1.5504e-08,25,25,7.62,0,0
11,1.3075e-08,25,25,7.65,0,0
11,1.1021e-08,25,25,7.68,0,0
11,9.2862e-09,25,25,7.71,0,0
11,7.8212e-09,25,25,7.74,0,0
11,6.5842e-09,25,25,7.77,0,0
11,5.5407e-09,25,25,7.8,0,0
11,4.6606e-09,25,25,7.83,0,0
11,3.9186e-09,25,25,7.86,0,0
11,3.2934e-09,25,25,7.89,0,0
11,2.7666e-09,25,25,7.92,0,0
11,2.3232e-09,25,25,7.95,0,0
11,1.9503e-09,25,25,7.98,0,0
11,1.6362e-09,25,25,8.01,0,0
11,1.3723e-09,25,25,8.04,0,0
11,1.1505e-09,25,25,8.07,0,0
11,9.642e-10,25,25,8.1,0,0
11,8.0831e-10,25,25,8.13,0,0
11,6.7729e-10,25,25,8.16,0,0
11,5.673e-10,25,25,8.19,0,0
11,4.7521e-10,25,25,8.22,0,0
11,3.979e-10,25,25,8.25,0,0
11,3.331e-10,25,25,8.28,0,0
11,2.7882e-10,25,25,8.31,0,0
11,2.3334e-10,25,25,8.34,0,0
11,1.9526e-10,25,25,8.37,0,0
11,1.63e-10,25,25,8.4,0,0
11,1.3628e-10,25,25,8.43,0,0
11,1.1383e-10,25,25,8.46,0,0
11,9.5213e-11,25,25,8.49,0,0
11,8.0007e-11,25,25,8.52,0,0
11,6.7075e-11,25,25,8.55,0,0
11,5.6417e-11,25,25,8.58,0,0
11,4.718e-11,25,25,8.61,0,0
11,3.9648e-11,25,25,8.64,0,0
11,3.3395e-11,25,25,8.67,0,0
11,2.8422e-11,25,25,8.7,0,0
11,2.3732e-11,25,25,8.73,0,0
11,1.9753e-11,25,25,8.76,0,0
11,1.6485e-11,25,25,8.79,0,0
11,1.35e-11,25,25,8.82,0,0
11,1.1084e-11,25,25,8.85,0,0
11,9.0949e-12,25,25,8.88,0,0
11,7.2475e-12,25,25,8.91,0,0
11,5.6844e-12,25,25,8.94,0,0
11,4.5475e-12,25,25,8.97,0,0
11,3.6948e-12,25,25,9,0,0
11,2.9843e-12,25,25,9.03,0,0
11,2.2737e-12,25,25,9.06,0,0
11,1.5632e-12,25,25,9.09,0,0
11,9.9476e-13,25,25,9.12,0,0
11,5.6844e-13,25,25,9.15,0,0
11,-2.8912e-18,25,25,9.18,0,0
11,-2.8422e-13,25,25,9.21,0,0
11,-2.8422e-13,25,25,9.24,0,0
11,-2.8421e-13,25,25,9.27,0,0
11,1.4211e-13,25,25,9.3,0,0
11,2.8422e-13,25,25,9.33,0,0
11,2.8422e-13,25,25,9.36,0,0
11,-1.6263e-18,25,25,9.39,0,0
11,-1.4211e-13,25,25,9.42,0,0
11,-1.4211e-13,25,25,9.45,0,0
11,-2.8421e-13,25,25,9.48,0,0
11,-7.1054e-13,25,25,9.51,0,0
11,-8.5265e-13,25,25,9.54,0,0
11,-1.1369e-12,25,25,9.57,0,0
11,-1.1369e-12,25,25,9.6,0,0
11,-1.1369e-12,25,25,9.63,0,0
11,-1.1369e-12,25,25,9.66,0,0
11,-9.9476e-13,25,25,9.69,0,0
11,-8.5265e-13,25,25,9.72,0,0
11,-8.5265e-13,25,25,9.75,0,0
11,-5.6844e-13,25,25,9.78,0,0
11,-4.2632e-13,25,25,9.81,0,0
11,-2.8422e-13,25,25,9.84,0,0
11,-4.2633e-13,25,25,9.87,0,0
11,-4.2633e-13,25,25,9.9,0,0
11,-5.6843e-13,25,25,9.93,0,0
11,-5.6843e-13,25,25,9.96,0,0
11,-7.1054e-13,25,25,9.99,0,0
11,-9.9476e-13,25,25,10.02,0,0
11,-8.5265e-13,25,25,10.05,0,0
11,-5.6843e-13,25,25,10.08,0,0
11,-5.6843e-13,25,25,10.11,0,0
11,-1.421e-13,25,25,10.14,0,0
11,4.2633e-13,25,25,10.17,0,0
11,7.1054e-13,25,25,10.2,0,0
11,8.5265e-13,25,25,10.23,0,0
11,1.1369e-12,25,25,10.26,0,0
11,1.279e-12,25,25,10.29,0,0
11,1.4211e-12,25,25,10.32,0,0
11,1.5632e-12,25,25,10.35,0,0
11,1.4211e-12,25,25,10.38,0,0
11,1.5632e-12,25,25,10.41,0,0
11,1.279e-12,25,25,10.44,0,0
11,1.4211e-12,25,25,10.47,0,0
11,1.5632e-12,25,25,10.5,0,0
11,1.7053e-12,25,25,10.53,0,0
11,1.5632e-12,25,25,10.56,0,0
11,1.1369e-12,25,25,10.59,0,0
11,8.5265e-13,25,25,10.62,0,0
11,7.1054e-13,25,25,10.65,0,0
11,9.9476e-13,25,25,10.68,0,0
11,1.1369e-12,25,25,10.71,0,0
11,1.4211e-12,25,25,10.74,0,0
11,1.8474e-12,25,25,10.77,0,0
11,1.9895e-12,25,25,10.8,0,0
11,1.9895e-12,25,25,10.83,0,0
11,1.5632e-12,25,25,10.86,0,0
11,1.279e-12,25,25,10.89,0,0
11,9.9476e-13,25,25,10.92,0,0
11,8.5265e-13,25,25,10.95,0,0
11,7.1054e-13,25,25,10.98,0,0
11,7.1054e-13,25,25,11.01,0,0
11,4.2633e-13,25,25,11.04,0,0
11,5.6843e-13,25,25,11.07,0,0
11,5.6843e-13,25,25,11.1,0,0
11,5.6843e-13,25,25,11.13,0,0
11,2.8422e-13,25,25,11.16,0,0
11,1.4211e-13,25,25,11.19,0,0
11,1.4211e-13,25,25,11.22,0,0
11,0,25,25,11.25,0,0
11,-2.8421e-13,25,25,11.28,0,0
11,-1.4211e-13,25,25,11.31,0,0
11,-1.4211e-13,25,25,11.34,0,0
11,-5.421e-19,25,25,11.37,0,0
11,-1.4211e-13,25,25,11.4,0,0
11,-2.8422e-13,25,25,11.43,0,0
11,-9.9476e-13,25,25,11.46,0,0
11,-1.4211e-12,25,25,11.49,0,0
11,-1.5632e-12,25,25,11.52,0,0
11,-1.4211e-12,25,25,11.55,0,0
11,-1.279e-12,25,25,11.58,0,0
11,-9.9476e-13,25,25,11.61,0,0
11,-5.6843e-13,25,25,11.64,0,0
11,1.0842e-18,25,25,11.67,0,0
11,4.2632e-13,25,25,11.7,0,0
11,7.1054e-13,25,25,11.73,0,0
11,7.1054e-13,25,25,11.76,0,0
11,8.5265e-13,25,25,11.79,0,0
11,8.5265e-13,25,25,11.82,0,0
11,1.1369e-12,25,25,11.85,0,0
11,1.1369e-12,25,25,11.88,0,0
11,1.1369e-12,25,25,11.91,0,0
11,1.279e-12,25,25,11.94,0,0
11,1.7053e-12,25,25,11.97,0,0
11,1.8474e-12,25,25,12,0,0
11,1.9895e-12,25,25,12.03,0,0
11,2.4158e-12,25,25,12.06,0,0
11,2.4158e-12,25,25,12.09,0,0
11,2.4158e-12,25,25,12.12,0,0
11,1.9895e-12,25,25,12.15,0,0
11,1.7053e-12,25,25,12.18,0,0
11,1.279e-12,25,25,12.21,0,0
11,1.279e-12,25,25,12.24,0,0
11,1.279e-12,25,25,12.27,0,0
11,1.1369e-12,25,25,12.3,0,0
11,8.5265e-13,25,25,12.33,0,0
11,5.6844e-13,25,25,12.36,0,0
11,4.2632e-13,25,25,12.39,0,0
11,-1.4211e-13,25,25,12.42,0,0
11,-5.6843e-13,25,25,12.45,0,0
11,-9.9475e-13,25,25,12.48,0,0
11,-1.279e-12,25,25,12.51,0,0
11,-1.5632e-12,25,25,12.54,0,0
11,-1.5632e-12,25,25,12.57,0,0
11,-1.7053e-12,25,25,12.6,0,0
11,-1.7053e-12,25,25,12.63,0,0
11,-1.7053e-12,25,25,12.66,0,0
11,-1.5632e-12,25,25,12.69,0,0
11,-1.4211e-12,25,25,12.72,0,0
11,-1.4211e-12,25,25,12.75,0,0
11,-1.4211e-12,25,25,12.78,0,0
11,-1.1369e-12,25,25,12.81,0,0
11,-1.279e-12,25,25,12.84,0,0
11,-1.4211e-12,25,25,12.87,0,0
11,-1.5632e-12,25,25,12.9,0,0
11,-1.8474e-12,25,25,12.93,0,0
11,-1.9895e-12,25,25,12.96,0,0
11,-2.2737e-12,25,25,12.99,0,0
11,-2.7001e-12,25,25,13.02,0,0
11,-3.2685e-12,25,25,13.05,0,0
11,-3.6948e-12,25,25,13.08,0,0
11,-3.8369e-12,25,25,13.11,0,0
11,-3.979e-12,25,25,13.14,0,0
11,-3.979e-12,25,25,13.17,0,0
11,-3.979e-12,25,25,13.2,0,0
11,-3.979e-12,25,25,13.23,0,0
11,-3.8369e-12,25,25,13.26,0,0
11,-3.979e-12,25,25,13.29,0,0
11,-4.2633e-12,25,25,13.32,0,0
11,-4.2633e-12,25,25,13.35,0,0
11,-4.2633e-12,25,25,13.38,0,0
11,-3.979e-12,25,25,13.41,0,0
11,-3.979e-12,25,25,13.44,0,0
11,-3.8369e-12,25,25,13.47,0,0
11,-3.6948e-12,25,25,13.5,0,0
11,-3.6948e-12,25,25,13.53,0,0
11,-3.4106e-12,25,25,13.56,0,0
11,-2.9843e-12,25,25,13.59,0,0
11,-2.2737e-12,25,25,13.62,0,0
11,-1.9895e-12,25,25,13.65,0,0
11,-1.8474e-12,25,25,13.68,0,0
11,-1.5632e-12,25,25,13.71,0,0
11,-1.1369e-12,25,25,13.74,0,0
11,-5.6843e-13,25,25,13.77,0,0
11,-1.4211e-13,25,25,13.8,0,0
11,1.4211e-13,25,25,13.83,0,0
11,2.8422e-13,25,25,13.86,0,0
11,4.2633e-13,25,25,13.89,0,0
11,4.2632e-13,25,25,13.92,0,0
11,2.7105e-18,25,25,13.95,0,0
11,1.4211e-13,25,25,13.98,0,0
11,-1.4211e-13,25,25,14.01,0,0
11,-4.2633e-13,25,25,14.04,0,0
11,-4.2633e-13,25,25,14.07,0,0
11,-2.8422e-13,25,25,14.1,0,0
11,-1.4211e-13,25,25,14.13,0,0
11,1.4211e-13,25,25,14.16,0,0
11,1.4211e-13,25,25,14.19,0,0
11,2.8422e-13,25,25,14.22,0,0
11,4.2633e-13,25,25,14.25,0,0
11,4.2633e-13,25,25,14.28,0,0
11,4.2633e-13,25,25,14.31,0,0
11,4.2632e-13,25,25,14.34,0,0
11,1.6263e-18,25,25,14.37,0,0
11,-2.8421e-13,25,25,14.4,0,0
11,-5.6844e-13,25,25,14.43,0,0
11,-8.5265e-13,25,25,14.46,0,0
11,-8.5265e-13,25,25,14.49,0,0
11,-1.1369e-12,25,25,14.52,0,0
11,-1.4211e-12,25,25,14.55,0,0
11,-1.8474e-12,25,25,14.58,0,0
11,-2.1316e-12,25,25,14.61,0,0
11,-2.1316e-12,25,25,14.64,0,0
11,-1.9895e-12,25,25,14.67,0,0
11,-1.9895e-12,25,25,14.7,0,0
11,-1.8474e-12,25,25,14.73,0,0
11,-1.4211e-12,25,25,14.76,0,0
11,-9.9476e-13,25,25,14.79,0,0
11,-1.1369e-12,25,25,14.82,0,0
11,-1.1369e-12,25,25,14.85,0,0
11,-1.279e-12,25,25,14.88,0,0
11,-1.5632e-12,25,25,14.91,0,0
11,-1.8474e-12,25,25,14.94,0,0
11,-1.9895e-12,25,25,14.97,0,0
11,-1.9895e-12,25,25,15,0,0
